14a568104946c7633d33c9eae52ed2442cd3fbb1,120ec86ac580785b0fae881a7441df378da79a5c,HandCoded/Classification/AbstractCategory.cs,1523566137
14a568104946c7633d33c9eae52ed2442cd3fbb1,120ec86ac580785b0fae881a7441df378da79a5c,HandCoded/Classification/ApplicableDelegate.cs,1523566137
14a568104946c7633d33c9eae52ed2442cd3fbb1,120ec86ac580785b0fae881a7441df378da79a5c,HandCoded/Classification/Category.cs,1523566137
14a568104946c7633d33c9eae52ed2442cd3fbb1,120ec86ac580785b0fae881a7441df378da79a5c,HandCoded/Classification/ClassificationScheme.cs,1523566137
14a568104946c7633d33c9eae52ed2442cd3fbb1,120ec86ac580785b0fae881a7441df378da79a5c,HandCoded/Classification/DelegatedCategory.cs,1523566137
14a568104946c7633d33c9eae52ed2442cd3fbb1,120ec86ac580785b0fae881a7441df378da79a5c,HandCoded/Classification/DelegatedRefinableCategory.cs,1523566137
14a568104946c7633d33c9eae52ed2442cd3fbb1,120ec86ac580785b0fae881a7441df378da79a5c,HandCoded/Classification/RefinableCategory.cs,1523566137
14a568104946c7633d33c9eae52ed2442cd3fbb1,120ec86ac580785b0fae881a7441df378da79a5c,HandCoded/Classification/Xml/ClassificationSchemeLoader.cs,1523566137
14a568104946c7633d33c9eae52ed2442cd3fbb1,120ec86ac580785b0fae881a7441df378da79a5c,HandCoded/Classification/Xml/ExprNode.cs,1523566137
14a568104946c7633d33c9eae52ed2442cd3fbb1,120ec86ac580785b0fae881a7441df378da79a5c,HandCoded/Classification/Xml/IfNode.cs,1523566137
14a568104946c7633d33c9eae52ed2442cd3fbb1,120ec86ac580785b0fae881a7441df378da79a5c,HandCoded/Classification/Xml/RangeNode.cs,1523566137
14a568104946c7633d33c9eae52ed2442cd3fbb1,120ec86ac580785b0fae881a7441df378da79a5c,HandCoded/Classification/Xml/ReleaseNode.cs,1523566137
14a568104946c7633d33c9eae52ed2442cd3fbb1,120ec86ac580785b0fae881a7441df378da79a5c,HandCoded/Classification/Xml/XPathNode.cs,1523566137
14a568104946c7633d33c9eae52ed2442cd3fbb1,120ec86ac580785b0fae881a7441df378da79a5c,HandCoded/Classification/Xml/XmlCategory.cs,1523566137
14a568104946c7633d33c9eae52ed2442cd3fbb1,120ec86ac580785b0fae881a7441df378da79a5c,HandCoded/DataEncoding/Base32.cs,1523566137
14a568104946c7633d33c9eae52ed2442cd3fbb1,120ec86ac580785b0fae881a7441df378da79a5c,HandCoded/FpML/Classification/FpMLTaxonomy.cs,1523566137
14a568104946c7633d33c9eae52ed2442cd3fbb1,120ec86ac580785b0fae881a7441df378da79a5c,HandCoded/FpML/Classification/ISDATaxonomy.cs,1523566137
14a568104946c7633d33c9eae52ed2442cd3fbb1,120ec86ac580785b0fae881a7441df378da79a5c,HandCoded/FpML/Identification/AlternateUPI.cs,1523566137
14a568104946c7633d33c9eae52ed2442cd3fbb1,120ec86ac580785b0fae881a7441df378da79a5c,HandCoded/FpML/Identification/UPI.cs,1523566137
14a568104946c7633d33c9eae52ed2442cd3fbb1,120ec86ac580785b0fae881a7441df378da79a5c,HandCoded/FpML/Identification/UPIExtractor.cs,1523566137
14a568104946c7633d33c9eae52ed2442cd3fbb1,120ec86ac580785b0fae881a7441df378da79a5c,HandCoded/FpML/Identification/UPIFormatter.cs,1523566137
14a568104946c7633d33c9eae52ed2442cd3fbb1,120ec86ac580785b0fae881a7441df378da79a5c,HandCoded/FpML/Identification/UPISwapEmbeddedOptionExtractor.cs,1523566137
14a568104946c7633d33c9eae52ed2442cd3fbb1,120ec86ac580785b0fae881a7441df378da79a5c,HandCoded/FpML/Infoset/ProductInfoset.cs,1523566137
14a568104946c7633d33c9eae52ed2442cd3fbb1,120ec86ac580785b0fae881a7441df378da79a5c,HandCoded/Identification/IExtractor.cs,1523566137
14a568104946c7633d33c9eae52ed2442cd3fbb1,120ec86ac580785b0fae881a7441df378da79a5c,HandCoded/Identification/IFormatter.cs,1523566137
14a568104946c7633d33c9eae52ed2442cd3fbb1,120ec86ac580785b0fae881a7441df378da79a5c,HandCoded/Identification/ISource.cs,1523566137
14a568104946c7633d33c9eae52ed2442cd3fbb1,120ec86ac580785b0fae881a7441df378da79a5c,HandCoded/Identification/IdentifierRule.cs,1523566137
14a568104946c7633d33c9eae52ed2442cd3fbb1,120ec86ac580785b0fae881a7441df378da79a5c,HandCoded/Identification/Property.cs,1523566137
14a568104946c7633d33c9eae52ed2442cd3fbb1,120ec86ac580785b0fae881a7441df378da79a5c,HandCoded/Identification/RuleBook.cs,1523566137
14a568104946c7633d33c9eae52ed2442cd3fbb1,120ec86ac580785b0fae881a7441df378da79a5c,HandCoded/Identification/Xml/RuleBookLoader.cs,1523566137
14a568104946c7633d33c9eae52ed2442cd3fbb1,120ec86ac580785b0fae881a7441df378da79a5c,HandCoded/Identification/Xml/StringExtractor.cs,1523566137
14a568104946c7633d33c9eae52ed2442cd3fbb1,120ec86ac580785b0fae881a7441df378da79a5c,HandCoded/Identification/Xml/XmlSource.cs,1523566137
79a51db736412702ea1666e31165afa2927eb689,8897e82b1d90d121fff81e6629325c4066eace39,Classify/Classify.cs,1465597183
79a51db736412702ea1666e31165afa2927eb689,8897e82b1d90d121fff81e6629325c4066eace39,Classify/Properties/AssemblyInfo.cs,1465597183
79a51db736412702ea1666e31165afa2927eb689,8897e82b1d90d121fff81e6629325c4066eace39,CodeCompiler/Program.cs,1465597183
79a51db736412702ea1666e31165afa2927eb689,8897e82b1d90d121fff81e6629325c4066eace39,CodeCompiler/Properties/AssemblyInfo.cs,1465597183
79a51db736412702ea1666e31165afa2927eb689,8897e82b1d90d121fff81e6629325c4066eace39,Infoset/Infoset.cs,1465597183
79a51db736412702ea1666e31165afa2927eb689,8897e82b1d90d121fff81e6629325c4066eace39,Infoset/Properties/AssemblyInfo.cs,1465597183
79a51db736412702ea1666e31165afa2927eb689,8897e82b1d90d121fff81e6629325c4066eace39,ViewCompiler/Properties/AssemblyInfo.cs,1465597183
79a51db736412702ea1666e31165afa2927eb689,8897e82b1d90d121fff81e6629325c4066eace39,ViewCompiler/ViewCompiler.cs,1465597183
8897e82b1d90d121fff81e6629325c4066eace39,a3cb7dd05e68f8ea322db0ddb7bd357364ab440e,Convert/Convert.cs,1461337171
8897e82b1d90d121fff81e6629325c4066eace39,a3cb7dd05e68f8ea322db0ddb7bd357364ab440e,Convert/Properties/AssemblyInfo.cs,1461337171
8897e82b1d90d121fff81e6629325c4066eace39,a3cb7dd05e68f8ea322db0ddb7bd357364ab440e,HandCoded/Acme/Releases.cs,1461337171
8897e82b1d90d121fff81e6629325c4066eace39,a3cb7dd05e68f8ea322db0ddb7bd357364ab440e,HandCoded/DSig/Releases.cs,1461337171
8897e82b1d90d121fff81e6629325c4066eace39,a3cb7dd05e68f8ea322db0ddb7bd357364ab440e,HandCoded/Finance/Calendar.cs,1461337171
8897e82b1d90d121fff81e6629325c4066eace39,a3cb7dd05e68f8ea322db0ddb7bd357364ab440e,HandCoded/Finance/CalendarRule.cs,1461337171
8897e82b1d90d121fff81e6629325c4066eace39,a3cb7dd05e68f8ea322db0ddb7bd357364ab440e,HandCoded/Finance/CalendarSet.cs,1461337171
8897e82b1d90d121fff81e6629325c4066eace39,a3cb7dd05e68f8ea322db0ddb7bd357364ab440e,HandCoded/Finance/Date.cs,1461337171
8897e82b1d90d121fff81e6629325c4066eace39,a3cb7dd05e68f8ea322db0ddb7bd357364ab440e,HandCoded/Finance/DateRoll.cs,1461337171
8897e82b1d90d121fff81e6629325c4066eace39,a3cb7dd05e68f8ea322db0ddb7bd357364ab440e,HandCoded/Finance/DateTime.cs,1461337171
8897e82b1d90d121fff81e6629325c4066eace39,a3cb7dd05e68f8ea322db0ddb7bd357364ab440e,HandCoded/Finance/DateValue.cs,1461337171
8897e82b1d90d121fff81e6629325c4066eace39,a3cb7dd05e68f8ea322db0ddb7bd357364ab440e,HandCoded/Finance/DelegatedDateRoll.cs,1461337171
8897e82b1d90d121fff81e6629325c4066eace39,a3cb7dd05e68f8ea322db0ddb7bd357364ab440e,HandCoded/Finance/DelegatedWeekend.cs,1461337171
8897e82b1d90d121fff81e6629325c4066eace39,a3cb7dd05e68f8ea322db0ddb7bd357364ab440e,HandCoded/Finance/IImmutableDate.cs,1461337171
8897e82b1d90d121fff81e6629325c4066eace39,a3cb7dd05e68f8ea322db0ddb7bd357364ab440e,HandCoded/Finance/IImmutableTime.cs,1461337171
8897e82b1d90d121fff81e6629325c4066eace39,a3cb7dd05e68f8ea322db0ddb7bd357364ab440e,HandCoded/Finance/Interval.cs,1461337171
8897e82b1d90d121fff81e6629325c4066eace39,a3cb7dd05e68f8ea322db0ddb7bd357364ab440e,HandCoded/Finance/Period.cs,1461337171
8897e82b1d90d121fff81e6629325c4066eace39,a3cb7dd05e68f8ea322db0ddb7bd357364ab440e,HandCoded/Finance/RuleBasedCalendar.cs,1461337171
8897e82b1d90d121fff81e6629325c4066eace39,a3cb7dd05e68f8ea322db0ddb7bd357364ab440e,HandCoded/Finance/Temporal.cs,1461337171
8897e82b1d90d121fff81e6629325c4066eace39,a3cb7dd05e68f8ea322db0ddb7bd357364ab440e,HandCoded/Finance/TemporalDate.cs,1461337171
8897e82b1d90d121fff81e6629325c4066eace39,a3cb7dd05e68f8ea322db0ddb7bd357364ab440e,HandCoded/Finance/Time.cs,1461337171
8897e82b1d90d121fff81e6629325c4066eace39,a3cb7dd05e68f8ea322db0ddb7bd357364ab440e,HandCoded/Finance/TimeValue.cs,1461337171
8897e82b1d90d121fff81e6629325c4066eace39,a3cb7dd05e68f8ea322db0ddb7bd357364ab440e,HandCoded/Finance/TimeZone.cs,1461337171
8897e82b1d90d121fff81e6629325c4066eace39,a3cb7dd05e68f8ea322db0ddb7bd357364ab440e,HandCoded/Finance/Weekend.cs,1461337171
8897e82b1d90d121fff81e6629325c4066eace39,a3cb7dd05e68f8ea322db0ddb7bd357364ab440e,HandCoded/FpML/Conversions.cs,1461337171
8897e82b1d90d121fff81e6629325c4066eace39,a3cb7dd05e68f8ea322db0ddb7bd357364ab440e,HandCoded/FpML/DefaultHelper.cs,1461337171
8897e82b1d90d121fff81e6629325c4066eace39,a3cb7dd05e68f8ea322db0ddb7bd357364ab440e,HandCoded/FpML/FpMLUtility.cs,1461337171
8897e82b1d90d121fff81e6629325c4066eace39,a3cb7dd05e68f8ea322db0ddb7bd357364ab440e,HandCoded/FpML/Meta/DTDRelease.cs,1461337171
8897e82b1d90d121fff81e6629325c4066eace39,a3cb7dd05e68f8ea322db0ddb7bd357364ab440e,HandCoded/FpML/Meta/FpMLDTDReleaseLoader.cs,1461337171
8897e82b1d90d121fff81e6629325c4066eace39,a3cb7dd05e68f8ea322db0ddb7bd357364ab440e,HandCoded/FpML/Meta/FpMLInstanceInitialiser.cs,1461337171
8897e82b1d90d121fff81e6629325c4066eace39,a3cb7dd05e68f8ea322db0ddb7bd357364ab440e,HandCoded/FpML/Meta/FpMLSchemaRecogniser.cs,1461337171
8897e82b1d90d121fff81e6629325c4066eace39,a3cb7dd05e68f8ea322db0ddb7bd357364ab440e,HandCoded/FpML/Meta/FpMLSchemaReleaseLoader.cs,1461337171
8897e82b1d90d121fff81e6629325c4066eace39,a3cb7dd05e68f8ea322db0ddb7bd357364ab440e,HandCoded/FpML/Meta/ISchemeAccess.cs,1461337171
8897e82b1d90d121fff81e6629325c4066eace39,a3cb7dd05e68f8ea322db0ddb7bd357364ab440e,HandCoded/FpML/Meta/SchemaRelease.cs,1461337171
8897e82b1d90d121fff81e6629325c4066eace39,a3cb7dd05e68f8ea322db0ddb7bd357364ab440e,HandCoded/FpML/Meta/SchemeDefaults.cs,1461337171
8897e82b1d90d121fff81e6629325c4066eace39,a3cb7dd05e68f8ea322db0ddb7bd357364ab440e,HandCoded/FpML/Releases.cs,1461337171
8897e82b1d90d121fff81e6629325c4066eace39,a3cb7dd05e68f8ea322db0ddb7bd357364ab440e,HandCoded/FpML/Schemes/CachedScheme.cs,1461337171
8897e82b1d90d121fff81e6629325c4066eace39,a3cb7dd05e68f8ea322db0ddb7bd357364ab440e,HandCoded/FpML/Schemes/ClosedScheme.cs,1461337171
8897e82b1d90d121fff81e6629325c4066eace39,a3cb7dd05e68f8ea322db0ddb7bd357364ab440e,HandCoded/FpML/Schemes/IEnumerable.cs,1461337171
8897e82b1d90d121fff81e6629325c4066eace39,a3cb7dd05e68f8ea322db0ddb7bd357364ab440e,HandCoded/FpML/Schemes/IMatchable.cs,1461337171
8897e82b1d90d121fff81e6629325c4066eace39,a3cb7dd05e68f8ea322db0ddb7bd357364ab440e,HandCoded/FpML/Schemes/Scheme.cs,1461337171
8897e82b1d90d121fff81e6629325c4066eace39,a3cb7dd05e68f8ea322db0ddb7bd357364ab440e,HandCoded/FpML/Schemes/SchemeCollection.cs,1461337171
8897e82b1d90d121fff81e6629325c4066eace39,a3cb7dd05e68f8ea322db0ddb7bd357364ab440e,HandCoded/FpML/Schemes/Value.cs,1461337171
8897e82b1d90d121fff81e6629325c4066eace39,a3cb7dd05e68f8ea322db0ddb7bd357364ab440e,HandCoded/FpML/Util/Identifier.cs,1461337171
8897e82b1d90d121fff81e6629325c4066eace39,a3cb7dd05e68f8ea322db0ddb7bd357364ab440e,HandCoded/FpML/Util/Version.cs,1461337171
8897e82b1d90d121fff81e6629325c4066eace39,a3cb7dd05e68f8ea322db0ddb7bd357364ab440e,HandCoded/FpML/Validation/AllRules.cs,1461337171
8897e82b1d90d121fff81e6629325c4066eace39,a3cb7dd05e68f8ea322db0ddb7bd357364ab440e,HandCoded/FpML/Validation/BrokenSchemeRule.cs,1461337171
8897e82b1d90d121fff81e6629325c4066eace39,a3cb7dd05e68f8ea322db0ddb7bd357364ab440e,HandCoded/FpML/Validation/BusinessProcessRules.cs,1461337171
8897e82b1d90d121fff81e6629325c4066eace39,a3cb7dd05e68f8ea322db0ddb7bd357364ab440e,HandCoded/FpML/Validation/CdsRules.cs,1461337171
8897e82b1d90d121fff81e6629325c4066eace39,a3cb7dd05e68f8ea322db0ddb7bd357364ab440e,HandCoded/FpML/Validation/CollateralRules.cs,1461337171
8897e82b1d90d121fff81e6629325c4066eace39,a3cb7dd05e68f8ea322db0ddb7bd357364ab440e,HandCoded/FpML/Validation/ContentPrecondition.cs,1461337171
8897e82b1d90d121fff81e6629325c4066eace39,a3cb7dd05e68f8ea322db0ddb7bd357364ab440e,HandCoded/FpML/Validation/DataTypeRules.cs,1461337171
8897e82b1d90d121fff81e6629325c4066eace39,a3cb7dd05e68f8ea322db0ddb7bd357364ab440e,HandCoded/FpML/Validation/ElementContext.cs,1461337171
8897e82b1d90d121fff81e6629325c4066eace39,a3cb7dd05e68f8ea322db0ddb7bd357364ab440e,HandCoded/FpML/Validation/EqdRules.cs,1461337171
8897e82b1d90d121fff81e6629325c4066eace39,a3cb7dd05e68f8ea322db0ddb7bd357364ab440e,HandCoded/FpML/Validation/FpMLRuleSet.cs,1461337171
8897e82b1d90d121fff81e6629325c4066eace39,a3cb7dd05e68f8ea322db0ddb7bd357364ab440e,HandCoded/FpML/Validation/FpMLRules.cs,1461337171
8897e82b1d90d121fff81e6629325c4066eace39,a3cb7dd05e68f8ea322db0ddb7bd357364ab440e,HandCoded/FpML/Validation/FxRules.cs,1461337171
8897e82b1d90d121fff81e6629325c4066eace39,a3cb7dd05e68f8ea322db0ddb7bd357364ab440e,HandCoded/FpML/Validation/IRuleContext.cs,1461337171
8897e82b1d90d121fff81e6629325c4066eace39,a3cb7dd05e68f8ea322db0ddb7bd357364ab440e,HandCoded/FpML/Validation/IrdRules.cs,1461337171
8897e82b1d90d121fff81e6629325c4066eace39,a3cb7dd05e68f8ea322db0ddb7bd357364ab440e,HandCoded/FpML/Validation/LoanRules.cs,1461337171
8897e82b1d90d121fff81e6629325c4066eace39,a3cb7dd05e68f8ea322db0ddb7bd357364ab440e,HandCoded/FpML/Validation/MessageRules.cs,1461337171
8897e82b1d90d121fff81e6629325c4066eace39,a3cb7dd05e68f8ea322db0ddb7bd357364ab440e,HandCoded/FpML/Validation/NamespacePrecondition.cs,1461337171
8897e82b1d90d121fff81e6629325c4066eace39,a3cb7dd05e68f8ea322db0ddb7bd357364ab440e,HandCoded/FpML/Validation/Preconditions.cs,1461337171
8897e82b1d90d121fff81e6629325c4066eace39,a3cb7dd05e68f8ea322db0ddb7bd357364ab440e,HandCoded/FpML/Validation/PricingAndRiskRules.cs,1461337171
8897e82b1d90d121fff81e6629325c4066eace39,a3cb7dd05e68f8ea322db0ddb7bd357364ab440e,HandCoded/FpML/Validation/ReferenceRule.cs,1461337171
8897e82b1d90d121fff81e6629325c4066eace39,a3cb7dd05e68f8ea322db0ddb7bd357364ab440e,HandCoded/FpML/Validation/ReferenceRules.cs,1461337171
8897e82b1d90d121fff81e6629325c4066eace39,a3cb7dd05e68f8ea322db0ddb7bd357364ab440e,HandCoded/FpML/Validation/SchemeRule.cs,1461337171
8897e82b1d90d121fff81e6629325c4066eace39,a3cb7dd05e68f8ea322db0ddb7bd357364ab440e,HandCoded/FpML/Validation/SchemeRules.cs,1461337171
8897e82b1d90d121fff81e6629325c4066eace39,a3cb7dd05e68f8ea322db0ddb7bd357364ab440e,HandCoded/FpML/Validation/SharedRules.cs,1461337171
8897e82b1d90d121fff81e6629325c4066eace39,a3cb7dd05e68f8ea322db0ddb7bd357364ab440e,HandCoded/FpML/Validation/TypeContext.cs,1461337171
8897e82b1d90d121fff81e6629325c4066eace39,a3cb7dd05e68f8ea322db0ddb7bd357364ab440e,HandCoded/FpML/Validation/VersionPrecondition.cs,1461337171
8897e82b1d90d121fff81e6629325c4066eace39,a3cb7dd05e68f8ea322db0ddb7bd357364ab440e,HandCoded/FpML/Validation/VersionRangePrecondition.cs,1461337171
8897e82b1d90d121fff81e6629325c4066eace39,a3cb7dd05e68f8ea322db0ddb7bd357364ab440e,HandCoded/FpML/Xml/Builder.cs,1461337171
8897e82b1d90d121fff81e6629325c4066eace39,a3cb7dd05e68f8ea322db0ddb7bd357364ab440e,HandCoded/Framework/Application.cs,1461337171
8897e82b1d90d121fff81e6629325c4066eace39,a3cb7dd05e68f8ea322db0ddb7bd357364ab440e,HandCoded/Framework/Option.cs,1461337171
8897e82b1d90d121fff81e6629325c4066eace39,a3cb7dd05e68f8ea322db0ddb7bd357364ab440e,HandCoded/Framework/Process.cs,1461337171
8897e82b1d90d121fff81e6629325c4066eace39,a3cb7dd05e68f8ea322db0ddb7bd357364ab440e,HandCoded/Meta/Conversion.cs,1461337171
8897e82b1d90d121fff81e6629325c4066eace39,a3cb7dd05e68f8ea322db0ddb7bd357364ab440e,HandCoded/Meta/ConversionException.cs,1461337171
8897e82b1d90d121fff81e6629325c4066eace39,a3cb7dd05e68f8ea322db0ddb7bd357364ab440e,HandCoded/Meta/DTDRelease.cs,1461337171
8897e82b1d90d121fff81e6629325c4066eace39,a3cb7dd05e68f8ea322db0ddb7bd357364ab440e,HandCoded/Meta/DefaultDTDReleaseLoader.cs,1461337171
8897e82b1d90d121fff81e6629325c4066eace39,a3cb7dd05e68f8ea322db0ddb7bd357364ab440e,HandCoded/Meta/DefaultInstanceInitialiser.cs,1461337171
8897e82b1d90d121fff81e6629325c4066eace39,a3cb7dd05e68f8ea322db0ddb7bd357364ab440e,HandCoded/Meta/DefaultSchemaRecogniser.cs,1461337171
8897e82b1d90d121fff81e6629325c4066eace39,a3cb7dd05e68f8ea322db0ddb7bd357364ab440e,HandCoded/Meta/DefaultSchemaReleaseLoader.cs,1461337171
8897e82b1d90d121fff81e6629325c4066eace39,a3cb7dd05e68f8ea322db0ddb7bd357364ab440e,HandCoded/Meta/DirectConversion.cs,1461337171
8897e82b1d90d121fff81e6629325c4066eace39,a3cb7dd05e68f8ea322db0ddb7bd357364ab440e,HandCoded/Meta/IDTD.cs,1461337171
8897e82b1d90d121fff81e6629325c4066eace39,a3cb7dd05e68f8ea322db0ddb7bd357364ab440e,HandCoded/Meta/IGrammar.cs,1461337171
8897e82b1d90d121fff81e6629325c4066eace39,a3cb7dd05e68f8ea322db0ddb7bd357364ab440e,HandCoded/Meta/IHelper.cs,1461337171
8897e82b1d90d121fff81e6629325c4066eace39,a3cb7dd05e68f8ea322db0ddb7bd357364ab440e,HandCoded/Meta/IReleaseLoader.cs,1461337171
8897e82b1d90d121fff81e6629325c4066eace39,a3cb7dd05e68f8ea322db0ddb7bd357364ab440e,HandCoded/Meta/ISchema.cs,1461337171
8897e82b1d90d121fff81e6629325c4066eace39,a3cb7dd05e68f8ea322db0ddb7bd357364ab440e,HandCoded/Meta/IndirectConversion.cs,1461337171
8897e82b1d90d121fff81e6629325c4066eace39,a3cb7dd05e68f8ea322db0ddb7bd357364ab440e,HandCoded/Meta/InstanceInitialiser.cs,1461337171
8897e82b1d90d121fff81e6629325c4066eace39,a3cb7dd05e68f8ea322db0ddb7bd357364ab440e,HandCoded/Meta/Release.cs,1461337171
8897e82b1d90d121fff81e6629325c4066eace39,a3cb7dd05e68f8ea322db0ddb7bd357364ab440e,HandCoded/Meta/SchemaRecogniser.cs,1461337171
8897e82b1d90d121fff81e6629325c4066eace39,a3cb7dd05e68f8ea322db0ddb7bd357364ab440e,HandCoded/Meta/SchemaRelease.cs,1461337171
8897e82b1d90d121fff81e6629325c4066eace39,a3cb7dd05e68f8ea322db0ddb7bd357364ab440e,HandCoded/Meta/Specification.cs,1461337171
8897e82b1d90d121fff81e6629325c4066eace39,a3cb7dd05e68f8ea322db0ddb7bd357364ab440e,HandCoded/Properties/AssemblyInfo.cs,1461337171
8897e82b1d90d121fff81e6629325c4066eace39,a3cb7dd05e68f8ea322db0ddb7bd357364ab440e,HandCoded/Validation/DelegatedPrecondition.cs,1461337171
8897e82b1d90d121fff81e6629325c4066eace39,a3cb7dd05e68f8ea322db0ddb7bd357364ab440e,HandCoded/Validation/DelegatedRule.cs,1461337171
8897e82b1d90d121fff81e6629325c4066eace39,a3cb7dd05e68f8ea322db0ddb7bd357364ab440e,HandCoded/Validation/Precondition.cs,1461337171
8897e82b1d90d121fff81e6629325c4066eace39,a3cb7dd05e68f8ea322db0ddb7bd357364ab440e,HandCoded/Validation/Rule.cs,1461337171
8897e82b1d90d121fff81e6629325c4066eace39,a3cb7dd05e68f8ea322db0ddb7bd357364ab440e,HandCoded/Validation/RuleSet.cs,1461337171
8897e82b1d90d121fff81e6629325c4066eace39,a3cb7dd05e68f8ea322db0ddb7bd357364ab440e,HandCoded/Validation/ValidationError.cs,1461337171
8897e82b1d90d121fff81e6629325c4066eace39,a3cb7dd05e68f8ea322db0ddb7bd357364ab440e,HandCoded/Validation/ValidationErrorHandler.cs,1461337171
8897e82b1d90d121fff81e6629325c4066eace39,a3cb7dd05e68f8ea322db0ddb7bd357364ab440e,HandCoded/Validation/ValidationErrorSet.cs,1461337171
8897e82b1d90d121fff81e6629325c4066eace39,a3cb7dd05e68f8ea322db0ddb7bd357364ab440e,HandCoded/Validation/ValidationErrorSetAdapter.cs,1461337171
8897e82b1d90d121fff81e6629325c4066eace39,a3cb7dd05e68f8ea322db0ddb7bd357364ab440e,HandCoded/Validation/Validator.cs,1461337171
8897e82b1d90d121fff81e6629325c4066eace39,a3cb7dd05e68f8ea322db0ddb7bd357364ab440e,HandCoded/Xml/Browser.cs,1461337171
8897e82b1d90d121fff81e6629325c4066eace39,a3cb7dd05e68f8ea322db0ddb7bd357364ab440e,HandCoded/Xml/Builder.cs,1461337171
8897e82b1d90d121fff81e6629325c4066eace39,a3cb7dd05e68f8ea322db0ddb7bd357364ab440e,HandCoded/Xml/DOM.cs,1461337171
8897e82b1d90d121fff81e6629325c4066eace39,a3cb7dd05e68f8ea322db0ddb7bd357364ab440e,HandCoded/Xml/Logic.cs,1461337171
8897e82b1d90d121fff81e6629325c4066eace39,a3cb7dd05e68f8ea322db0ddb7bd357364ab440e,HandCoded/Xml/MutableNodeList.cs,1461337171
8897e82b1d90d121fff81e6629325c4066eace39,a3cb7dd05e68f8ea322db0ddb7bd357364ab440e,HandCoded/Xml/NodeIndex.cs,1461337171
8897e82b1d90d121fff81e6629325c4066eace39,a3cb7dd05e68f8ea322db0ddb7bd357364ab440e,HandCoded/Xml/Resolver/Catalog.cs,1461337171
8897e82b1d90d121fff81e6629325c4066eace39,a3cb7dd05e68f8ea322db0ddb7bd357364ab440e,HandCoded/Xml/Resolver/CatalogComponent.cs,1461337171
8897e82b1d90d121fff81e6629325c4066eace39,a3cb7dd05e68f8ea322db0ddb7bd357364ab440e,HandCoded/Xml/Resolver/CatalogEntry.cs,1461337171
8897e82b1d90d121fff81e6629325c4066eace39,a3cb7dd05e68f8ea322db0ddb7bd357364ab440e,HandCoded/Xml/Resolver/CatalogManager.cs,1461337171
8897e82b1d90d121fff81e6629325c4066eace39,a3cb7dd05e68f8ea322db0ddb7bd357364ab440e,HandCoded/Xml/Resolver/CatalogSet.cs,1461337171
8897e82b1d90d121fff81e6629325c4066eace39,a3cb7dd05e68f8ea322db0ddb7bd357364ab440e,HandCoded/Xml/Resolver/DelegatePublicEntry.cs,1461337171
8897e82b1d90d121fff81e6629325c4066eace39,a3cb7dd05e68f8ea322db0ddb7bd357364ab440e,HandCoded/Xml/Resolver/DelegateSystemEntry.cs,1461337171
8897e82b1d90d121fff81e6629325c4066eace39,a3cb7dd05e68f8ea322db0ddb7bd357364ab440e,HandCoded/Xml/Resolver/DelegateUriEntry.cs,1461337171
8897e82b1d90d121fff81e6629325c4066eace39,a3cb7dd05e68f8ea322db0ddb7bd357364ab440e,HandCoded/Xml/Resolver/GroupEntry.cs,1461337171
8897e82b1d90d121fff81e6629325c4066eace39,a3cb7dd05e68f8ea322db0ddb7bd357364ab440e,HandCoded/Xml/Resolver/IEntityRule.cs,1461337171
8897e82b1d90d121fff81e6629325c4066eace39,a3cb7dd05e68f8ea322db0ddb7bd357364ab440e,HandCoded/Xml/Resolver/IUriRule.cs,1461337171
8897e82b1d90d121fff81e6629325c4066eace39,a3cb7dd05e68f8ea322db0ddb7bd357364ab440e,HandCoded/Xml/Resolver/NextCatalogEntry.cs,1461337171
8897e82b1d90d121fff81e6629325c4066eace39,a3cb7dd05e68f8ea322db0ddb7bd357364ab440e,HandCoded/Xml/Resolver/PublicEntry.cs,1461337171
8897e82b1d90d121fff81e6629325c4066eace39,a3cb7dd05e68f8ea322db0ddb7bd357364ab440e,HandCoded/Xml/Resolver/RelativeEntry.cs,1461337171
8897e82b1d90d121fff81e6629325c4066eace39,a3cb7dd05e68f8ea322db0ddb7bd357364ab440e,HandCoded/Xml/Resolver/RewriteSystemEntry.cs,1461337171
8897e82b1d90d121fff81e6629325c4066eace39,a3cb7dd05e68f8ea322db0ddb7bd357364ab440e,HandCoded/Xml/Resolver/RewriteUriEntry.cs,1461337171
8897e82b1d90d121fff81e6629325c4066eace39,a3cb7dd05e68f8ea322db0ddb7bd357364ab440e,HandCoded/Xml/Resolver/SystemEntry.cs,1461337171
8897e82b1d90d121fff81e6629325c4066eace39,a3cb7dd05e68f8ea322db0ddb7bd357364ab440e,HandCoded/Xml/Resolver/UriEntry.cs,1461337171
8897e82b1d90d121fff81e6629325c4066eace39,a3cb7dd05e68f8ea322db0ddb7bd357364ab440e,HandCoded/Xml/SchemaSet.cs,1461337171
8897e82b1d90d121fff81e6629325c4066eace39,a3cb7dd05e68f8ea322db0ddb7bd357364ab440e,HandCoded/Xml/Types.cs,1461337171
8897e82b1d90d121fff81e6629325c4066eace39,a3cb7dd05e68f8ea322db0ddb7bd357364ab440e,HandCoded/Xml/Writer/CompactWriter.cs,1461337171
8897e82b1d90d121fff81e6629325c4066eace39,a3cb7dd05e68f8ea322db0ddb7bd357364ab440e,HandCoded/Xml/Writer/NestedWriter.cs,1461337171
8897e82b1d90d121fff81e6629325c4066eace39,a3cb7dd05e68f8ea322db0ddb7bd357364ab440e,HandCoded/Xml/Writer/TidyWriter.cs,1461337171
8897e82b1d90d121fff81e6629325c4066eace39,a3cb7dd05e68f8ea322db0ddb7bd357364ab440e,HandCoded/Xml/Writer/XmlWriter.cs,1461337171
8897e82b1d90d121fff81e6629325c4066eace39,a3cb7dd05e68f8ea322db0ddb7bd357364ab440e,HandCoded/Xml/XInclude/XIncludingReader.cs,1461337171
8897e82b1d90d121fff81e6629325c4066eace39,a3cb7dd05e68f8ea322db0ddb7bd357364ab440e,HandCoded/Xml/XPath.cs,1461337171
8897e82b1d90d121fff81e6629325c4066eace39,a3cb7dd05e68f8ea322db0ddb7bd357364ab440e,HandCoded/Xml/XmlUtility.cs,1461337171
8897e82b1d90d121fff81e6629325c4066eace39,a3cb7dd05e68f8ea322db0ddb7bd357364ab440e,HandCoded/Xsl/Transformation.cs,1461337171
8897e82b1d90d121fff81e6629325c4066eace39,a3cb7dd05e68f8ea322db0ddb7bd357364ab440e,MetaData/MetaData.cs,1461337171
8897e82b1d90d121fff81e6629325c4066eace39,a3cb7dd05e68f8ea322db0ddb7bd357364ab440e,MetaData/Properties/AssemblyInfo.cs,1461337171
8897e82b1d90d121fff81e6629325c4066eace39,a3cb7dd05e68f8ea322db0ddb7bd357364ab440e,Validate/Properties/AssemblyInfo.cs,1461337171
8897e82b1d90d121fff81e6629325c4066eace39,a3cb7dd05e68f8ea322db0ddb7bd357364ab440e,Validate/Validate.cs,1461337171
